t-SNE1,t-SNE2,Label
-6.7108107,-26.583183,2
18.346825,-24.15904,1
-29.786531,11.391615,3
12.490658,28.502901,2
-8.326797,1.253538,1
2.222463,23.61902,0
10.714554,-25.427622,0
-9.127757,-4.3908935,0
11.764755,32.01719,3
-10.345106,2.0995674,1
-23.678928,15.838717,0
-10.294761,28.906637,1
2.809803,-2.498753,3
26.692083,6.243543,1
1.6771476,9.811128,3
-27.799976,-18.529495,3
-9.345002,-16.199131,3
-2.900705,25.4448,3
-17.195152,2.3659282,2
-30.647053,7.422538,3
-9.893572,-18.539618,0
-11.9952545,-5.0728045,3
19.08243,-19.200514,1
-0.9815575,-23.462961,3
13.621296,3.4963052,3
6.3036613,18.160913,1
-16.941399,-24.120657,2
4.5185976,3.2610037,3
-26.468105,-16.45505,3
27.28318,10.091141,1
-20.196533,1.6499577,0
25.892458,-0.8577836,0
11.311705,22.553732,3
1.2357249,-31.297302,3
18.229582,-26.062859,0
7.883764,-17.745232,2
-9.210778,-25.58429,0
14.944566,-17.76313,0
-0.02180529,-29.737976,3
16.443586,28.20494,3
26.314444,8.380244,3
-5.956998,-31.137632,0
-4.690673,9.386772,0
-7.8137975,26.965597,3
0.85579056,-22.132587,3
11.143695,14.881464,3
-10.172504,-12.75473,2
-10.573169,-4.6141376,3
4.839322,1.9054438,3
4.8803463,9.547888,0
-4.448325,-6.7052655,1
-8.575692,-22.588434,2
7.5386424,-15.994559,0
-28.686127,-9.612552,0
-10.744977,23.971748,1
27.920351,2.8803046,1
19.100325,-13.711197,0
10.28141,15.3157835,3
8.341727,-36.4129,3
20.650063,-3.028618,2
22.94589,1.5026242,3
7.4255548,-3.8885636,0
-10.839813,14.971294,3
21.343597,13.102065,3
19.990114,3.9634707,3
1.5801599,29.10203,0
16.530684,-27.696194,0
19.739834,-28.334515,0
-3.1167655,-0.6559336,3
26.694992,-18.166498,1
-14.732864,-12.765987,1
19.101135,3.5866365,0
0.59151536,4.018779,1
-29.938862,15.949746,1
19.127247,23.675758,2
7.428022,-4.1752596,2
-5.3300815,-12.028785,0
1.2527548,13.947038,3
-10.828007,12.044434,3
-19.7495,-15.769459,2
5.4871426,2.2384295,3
-3.7749178,2.9840353,3
-22.490307,-4.105748,3
-6.7443433,5.55441,3
29.895493,2.425579,3
3.1725953,12.435457,0
11.023084,-28.25089,0
-9.841605,29.569124,1
-17.837564,24.530706,0
21.953249,14.013309,3
15.755606,-2.0625823,0
-1.6278694,-2.8305626,1
-18.279175,-9.9678,3
29.650074,4.685237,0
-6.867613,-16.526157,0
-13.972376,-3.2420135,1
24.535154,21.59165,1
-5.1921787,8.978483,3
18.228998,-17.90534,1
-0.416902,-12.453043,0
6.5778484,-4.324275,2
-25.617773,13.129451,0
14.940711,-8.420188,1
0.57141846,13.794642,1
-3.1072938,13.123766,0
18.940125,-20.582851,0
9.3483715,-13.507217,2
1.2607701,-17.115517,0
4.909875,-0.31119508,3
-16.835516,6.1001005,2
13.655634,24.251537,3
24.03865,15.067129,3
5.704218,-7.223615,3
4.547356,-14.060267,0
-3.633603,20.04857,3
2.8291993,6.7954273,1
20.601278,1.0584271,0
27.504183,-10.38685,2
-20.55838,10.184541,0
6.0149903,27.023043,3
17.462025,-12.979153,2
3.1174645,-27.171482,3
-18.304512,-4.3948903,0
-4.858999,-24.076334,3
-18.266447,5.197023,1
-14.995538,9.655589,2
-23.606905,17.137266,1
16.313845,-28.188217,3
13.691187,10.597797,1
-22.488615,-5.9663067,0
-10.371252,4.028058,2
-23.942858,-14.958414,1
21.538574,5.4535594,0
-26.136292,-18.317253,1
-4.6816797,31.442476,1
11.263593,15.661947,0
-15.439179,-12.068255,0
6.2202206,30.386816,3
-22.541859,-16.602789,0
-22.220207,13.294244,3
-19.207405,8.507221,1
10.032881,24.846804,0
-32.275528,8.971791,0
-7.745285,11.80245,3
-23.256828,-21.185062,1
-1.838122,11.974072,2
-23.363289,15.37019,3
30.436066,-9.110668,2
2.8866928,-24.848555,3
16.91914,12.907629,3
-34.345398,-2.2385826,3
-15.596785,-30.24298,2
-27.56909,9.77142,2
4.5642533,-19.218338,3
1.5467428,5.260571,0
-21.649366,-2.7633755,0
19.832378,-5.8386765,2
-14.163567,25.796684,1
-29.422003,-13.8238125,0
-0.084285565,-30.161978,0
-13.011765,20.215603,3
8.399074,1.0566773,0
0.57126206,1.8084451,1
-16.192644,24.652,0
-23.919428,6.306047,0
6.4316573,15.801073,1
-4.8270063,-18.591791,3
3.2936304,9.660907,3
15.993397,25.20215,1
-14.33647,11.175631,1
14.248437,9.24332,3
-13.6049795,21.977617,1
-31.291443,-6.976983,3
-20.902443,-5.626154,3
9.509341,-33.706657,1
10.183384,19.454653,3
-20.045885,-1.9031444,0
26.314255,-11.671524,0
-29.218292,6.32558,1
22.185741,16.074884,0
5.3887973,19.500769,1
17.88409,17.072056,0
-0.12930445,20.072084,2
18.127235,-22.879076,3
15.85847,2.5564842,3
17.951311,-3.4200177,3
-12.019525,-24.155516,2
-10.900193,-11.461326,2
2.1114774,-17.157497,3
25.412113,-1.9429688,2
-34.80587,5.898716,1
-28.34907,-1.8138901,2
-19.796104,4.206102,0
16.198193,10.3812685,1
2.6208186,-26.57141,3
-13.572846,-14.621264,2
20.946413,11.462011,2
8.525563,-23.563822,2
-33.380318,5.133783,3
-22.422077,-12.723606,0
18.91089,26.065075,0
-16.922726,-19.105322,1
1.6052532,-15.535855,2
-32.366222,-9.193638,3
3.2051163,14.039368,3
-10.866189,14.294405,0
6.717118,28.874735,3
-18.918955,-2.461109,3
-11.126404,13.7292385,1
-27.51922,13.351567,0
0.6645059,-21.267534,3
-7.235524,-24.219944,3
-3.2229478,-7.08781,1
-23.620375,-8.457556,1
12.209914,-11.44792,0
-8.057992,4.3746133,2
29.410662,-3.082263,0
-2.0959213,1.0668938,0
2.1945622,-24.420795,2
13.425143,5.4785905,3
-0.5686374,28.115915,0
7.579634,-2.3759584,1
-8.243464,-9.946592,2
27.56052,12.723253,3
22.901066,3.754505,3
-9.79636,-4.1705413,0
-21.532167,-1.9255073,0
10.937815,-22.193718,2
16.463024,5.7254667,3
-34.562572,-2.920927,0
3.8932714,-8.01787,3
29.819157,11.933022,3
23.878325,6.299772,3
0.93604237,-0.45364136,1
-15.529753,0.69619435,3
-31.355412,-0.6082524,2
10.359906,-29.409594,1
11.670429,-1.8809022,3
-13.565593,-25.723478,2
2.2205389,4.390367,3
1.0069691,7.38796,1
-14.626774,-10.312003,2
6.6272593,-33.61162,3
9.487002,-1.587163,0
-3.7287283,-0.849312,1
-1.8386647,1.5007275,2
21.015015,-5.0801353,3
24.763178,-21.241402,2
-5.408623,-5.427819,0
8.183377,-5.2762747,0
16.79149,23.744724,3
-13.547911,-18.637426,2
8.209587,20.74817,0
-23.669352,17.276188,3
-23.286636,11.341191,0
-26.736202,-6.4576573,3
-1.1989704,17.772041,3
-2.8953397,-24.206345,0
-1.5351392,20.875893,3
-17.422173,17.292244,0
17.32018,21.184832,0
-7.3699665,14.790299,2
25.367027,20.504566,3
11.488741,-30.837725,0
0.25430942,-17.66387,3
-11.8328,27.280441,1
-5.4829764,-15.242109,0
26.024458,4.654125,3
-9.737809,-13.362079,3
21.412952,-1.9075508,1
13.780885,26.012716,3
21.558764,-12.335952,2
-31.674044,-8.370617,1
-31.579088,1.0493174,0
-10.622737,-9.393892,3
3.8266058,12.529799,3
24.764585,-11.897834,2
-13.887799,-11.375789,0
-28.427444,-14.31342,3
9.995309,9.365586,2
-14.513051,10.235792,0
11.799018,11.332005,1
-3.419354,6.153523,0
-9.44681,4.179378,3
30.010729,7.2712317,3
-6.4561343,-27.827578,3
9.893022,-13.039205,2
-1.6326979,2.8531313,1
24.429909,2.9365144,3
10.413641,-2.6388404,3
10.256316,6.609603,3
-3.2211702,-14.30569,3
-12.743731,9.588305,3
-14.79768,1.7483678,3
-6.3357267,30.54375,3
-3.833065,-3.6272013,0
-6.555708,24.66183,3
-21.260416,-15.131896,2
24.384592,7.5313687,1
3.818015,6.8773384,3
-9.701047,-3.0084038,2
14.756172,14.269502,1
28.534702,-8.715565,0
23.903906,-4.1744666,3
0.39850697,19.55084,3
-14.222328,18.083178,3
-24.284111,-13.871136,2
21.654497,8.170774,1
-3.6745563,12.010853,3
-26.946508,-18.558071,3
-0.77098125,17.586138,1
-10.986485,1.4713806,2
7.7254252,-12.688379,3
2.6312542,-19.090769,1
-28.102482,9.996149,2
-22.832083,-7.076087,3
-4.6546855,26.729399,1
-7.515264,17.097958,2
-25.075476,-7.0368767,3
12.130019,-0.68399376,1
7.2810674,14.479085,3
-4.883753,7.8415704,1
-4.515141,-1.2529733,3
-15.577932,-4.2800164,2
11.860645,-0.21162367,1
-5.5877175,22.126902,0
10.46142,-27.188293,3
31.192272,2.4884925,0
-26.694496,-3.5780935,3
-3.3263586,13.575036,3
15.7410555,-17.265093,0
-0.3710589,-17.807306,2
-22.76103,13.993472,1
-1.0243074,20.995647,3
5.6238766,27.632349,0
12.8495035,-17.15222,2
-5.8794584,10.555348,0
6.4435663,-20.708565,0
-21.384413,1.5531888,2
-8.069648,-11.907713,0
-21.433243,-1.9935807,3
9.929191,19.757456,3
-4.921064,21.705381,0
14.007072,20.86185,3
25.662338,18.73576,0
-0.39237708,-28.215101,3
9.537927,-2.1262994,2
2.672357,16.207413,3
-11.415691,4.4817786,3
9.484387,-9.25318,3
2.1892679,22.87488,3
-11.13833,20.961996,3
-13.915257,-20.549093,2
-14.018011,3.2239456,1
-13.065793,12.757243,3
24.545725,-3.6315675,0
-14.030612,11.607084,3
7.209747,12.294441,1
7.6680803,21.950706,3
11.34642,2.9443278,3
-24.180943,3.3607392,2
5.769426,-10.110407,1
12.234149,8.533161,1
10.462971,-4.0254464,3
-19.955454,2.4105148,3
5.082003,15.461354,1
-16.107294,1.1141583,2
-6.3322906,-19.312654,1
8.471632,2.5902522,3
-1.6270158,9.264018,0
-3.5101657,20.522045,0
-8.04973,1.8992196,2
-19.991796,17.20293,0
-28.402391,2.4024618,1
5.2512765,-31.114195,1
-9.481278,9.491204,0
14.568426,-28.372726,3
13.422556,3.859835,0
-17.857185,14.400088,2
26.02945,20.09535,1
6.374999,5.769907,3
-16.703825,12.360004,3
-2.7522485,-10.22476,0
-13.7379055,0.1354457,3
22.843277,-8.068599,0
10.585566,9.713531,3
-6.064592,20.676535,3
-29.062332,-4.4850483,0
-5.1189814,-15.105689,0
-29.256138,11.574578,2
-14.4629755,-30.062712,2
-1.6764644,-8.41197,3
-4.8922625,-10.320245,0
24.538982,20.151838,3
13.811619,11.735368,0
-12.210631,-30.523607,3
15.3699465,4.0043116,2
25.267853,-8.647159,3
13.65788,-6.076146,1
-4.1626344,-28.423962,0
23.509743,12.466681,0
-1.9919637,19.152641,0
1.1355202,22.24102,3
23.146301,-8.484307,3
2.0422115,-11.614794,1
-11.183782,-18.09512,2
-16.523054,-6.8465943,2
-4.207954,-8.210532,3
6.6358767,-35.83433,0
-0.96344215,-35.013306,3
-25.704819,8.798577,0
-23.05091,0.046084117,2
-1.3246545,-23.247307,2
-20.939857,15.543513,3
-7.448066,-2.8319683,3
-0.115068465,-10.784374,3
-10.159053,6.6127048,3
27.949682,-4.953293,2
23.592478,12.967657,0
17.819525,-12.436829,0
-13.57762,-10.3495655,3
-1.8203313,30.444832,3
7.3793993,-32.746662,3
-9.619811,21.522398,1
25.169344,-7.424221,3
10.4279375,32.43552,3
21.07869,-5.561217,3
-15.326624,-3.4746876,1
-16.328121,-4.841329,1
-11.103241,-1.2671013,3
-22.62425,12.4638405,3
22.83275,14.103566,2
28.865952,-4.3193545,1
21.080717,-10.729208,0
13.423123,-8.825293,3
-6.4495173,15.0155735,2
29.568275,4.9994507,1
14.859569,26.889513,1
20.074009,-24.790157,0
-3.0657697,-22.92164,2
19.075052,-9.854599,2
22.996807,15.164482,0
-26.143269,-17.559614,3
29.023281,9.394349,1
9.490448,21.936476,3
18.592493,21.20181,3
-17.187151,-25.206066,0
-30.545633,11.4383135,3
-8.12705,18.390158,2
-21.3154,6.392307,1
-16.617905,-21.11021,3
-13.6539755,-13.436448,1
7.0507517,23.144827,1
26.75443,4.9403634,1
18.96249,17.391022,1
0.36365685,27.194515,0
13.823377,17.078459,1
-7.2350316,10.735246,3
6.528256,-33.203186,1
12.791639,2.1509778,3
-5.396169,1.1624287,3
10.64356,-16.093641,1
-1.712379,16.69348,3
19.90346,-1.9374967,1
3.8757622,3.2910473,3
1.998719,-11.43954,3
30.816511,-5.480024,3
-3.6085126,10.278432,3
19.690704,10.088505,2
10.7624855,0.55052996,2
25.08111,21.886032,3
-17.187407,-14.628836,3
-3.0195932,-21.835281,2
4.050427,13.8192,1
-13.195799,-19.418806,3
14.524091,1.4470897,1
10.616899,3.0042777,3
23.368351,10.500803,3
-10.557058,-20.24499,1
-9.093905,18.015265,1
30.965517,12.94783,1
-24.876305,-3.0467396,3
-16.099682,-22.893793,2
5.007435,-7.5275226,0
-18.001509,14.484056,1
-29.794624,-7.846669,1
5.0294166,20.850395,1
-15.443587,10.725681,3
13.4430685,27.712181,3
-17.874311,22.676105,3
13.591698,-10.338235,0
-13.224063,-32.19288,3
7.464856,-13.876179,2
-18.56459,-3.8668041,1
9.899699,-28.617626,0
-3.8637235,-5.393523,0
7.4103794,22.047081,3
6.017059,-20.74071,0
22.45908,16.402029,3
25.22132,5.338795,1
-4.626849,-24.94414,2
-7.159716,-3.650429,0
-5.659633,0.70738965,3
7.2790546,4.664826,2
14.86798,-28.198948,1
6.687365,-29.69058,3
14.6454,-32.111217,0
4.357557,22.698524,2
-6.0563855,-3.6975837,3
-13.291194,1.1314912,0
-1.7166128,-5.858267,3
-23.840462,-11.882277,3
19.904985,-17.598515,1
-10.299065,-0.83065486,3
-9.253048,-21.14402,2
-20.897097,15.779369,3
-8.082788,20.536089,1
-12.241263,-9.9224,1
16.212675,-8.541554,0
3.179012,10.87529,0
-32.218754,9.303374,3
13.142459,22.65883,1
-7.064573,-20.225845,2
1.8774543,7.2701616,3
1.0265988,1.8426158,0
20.635504,-6.8352017,0
-6.414775,28.065722,1
-16.89371,20.949467,1
4.3138304,18.367846,0
-20.774536,-14.976143,0
-12.154016,-15.06463,2
-0.35108945,-28.253534,3
19.000315,2.904096,2
-19.72874,-24.92671,2
8.784498,1.7094557,0
3.8517544,0.9596762,1
-26.884373,2.8558373,1
8.612218,-5.781006,2
1.9572862,-32.789375,3
8.3941,-18.815443,2
2.1320763,4.5805044,3
-14.7411375,26.56317,0
-8.1751995,-16.09457,3
4.5055847,-18.24965,2
-9.579116,21.616219,2
-18.088009,17.318775,3
2.7743638,6.5954833,1
14.989631,23.635077,3
-8.667462,-11.176687,2
5.768629,9.643885,3
-6.176275,12.816415,0
-18.221888,-24.563969,3
-4.971231,-0.5621777,0
-13.8741455,17.695358,1
23.403389,1.8988824,2
-5.264864,17.4676,0
25.84342,-14.958767,3
-8.618207,30.802639,0
-6.348738,8.790686,3
-9.300261,-25.368963,2
-14.992785,23.485703,3
11.351658,24.4575,3
23.722473,-13.677188,2
-2.002505,27.586212,3
0.3637369,-1.2428815,3
-32.30126,-6.001038,0
-8.25557,-23.107796,2
-34.475,5.6682553,3
-8.419008,9.426086,1
25.316166,12.904614,3
30.552738,-9.351289,1
15.173665,-25.635744,3
-3.7568738,-9.02849,2
-2.6203518,-10.88086,1
-31.5691,-6.466839,2
-11.112986,17.362844,1
-23.145857,0.47267705,3
-9.021805,27.3836,1
-11.2400465,-20.175667,2
-3.7782767,-2.4932475,0
-11.855613,12.308019,1
35.514366,-0.2521346,2
-15.815131,-15.266498,3
-20.228573,-13.252398,3
-8.669458,3.5234334,0
19.949423,-16.175993,0
-21.224989,3.406806,3
-2.0756335,-34.8082,3
3.70483,-13.768353,3
-18.382711,24.775284,3
23.96924,6.12388,3
-3.7312832,6.941563,1
18.449736,0.48637846,1
6.7247887,29.892092,2
5.8372808,-13.705091,2
1.2425336,-15.013795,0
14.722735,10.009287,3
12.997009,-18.075653,3
19.10704,-8.647159,2
24.792715,-9.646007,2
-26.608006,3.105023,3
-16.54433,-13.208234,2
14.152346,-9.3289995,3
26.888014,7.3893614,3
-7.45965,-16.156525,1
-6.484809,-25.29037,2
-6.5056133,30.435833,1
4.063148,17.234985,3
-2.4315217,-13.227368,1
-22.472647,3.3875072,0
13.209196,-18.874874,0
14.081215,-29.301317,0
18.388405,-8.215036,1
-23.879673,8.032824,2
-25.061935,-13.545901,1
-25.600023,-6.7934504,3
-24.822895,-16.269945,3
25.345345,-2.652304,3
17.237164,-15.423775,1
13.4844055,28.661184,1
17.902485,2.9832017,0
-4.968292,32.88493,3
-11.2474575,10.655046,3
25.464735,8.799396,1
28.850792,12.514633,1
-9.610903,17.536293,3
-0.14210165,-7.2643037,3
-17.309242,19.634808,1
2.809781,-2.5986974,3
-0.5337496,-35.411736,3
3.5750523,-16.060133,1
21.83825,20.72148,3
-17.921505,19.449467,0
-21.622501,18.651726,3
3.9888234,-17.988823,3
20.31732,-10.233425,2
14.641185,-2.7862732,3
4.208214,35.12186,2
17.661375,23.882648,3
16.630163,24.940203,3
23.23987,6.7936525,3
3.4144092,22.364496,1
-2.20372,-3.1048727,3
7.5124226,4.3272257,3
-0.32481304,-31.802887,3
24.329731,19.396688,0
-14.647569,-13.929371,3
-12.51095,8.743052,3
22.361279,10.848197,2
-4.4609504,24.192333,3
-23.62443,-18.148619,1
-6.5444283,19.463627,1
14.28226,-13.566832,1
-18.453089,-1.6690128,1
-21.139364,18.074444,1
2.448577,20.566753,0
27.802544,7.528926,1
3.7935717,-21.599298,0
11.348314,-18.582438,3
-21.453749,-8.437094,0
5.7823806,-23.746798,2
19.21309,14.448819,0
-26.96581,-3.1467009,3
-12.674518,6.111654,0
14.560307,11.186702,3
-1.1528018,-19.208807,0
19.520844,-17.985367,1
-25.275965,-19.449236,0
-1.8198041,6.615815,3
15.677372,-10.798943,1
12.223319,-11.403428,0
9.888002,11.207711,3
11.834605,10.233172,2
5.567922,14.286468,1
12.153009,-31.960272,2
24.1295,16.947876,3
2.0992608,-15.192959,0
12.5890045,24.009588,3
-1.9872533,-5.841847,3
-7.552045,-9.790946,0
10.674796,6.457473,3
-21.325184,-9.249365,1
24.241508,-10.269463,2
-4.7429605,31.441475,0
-13.875095,14.923537,0
18.777391,7.2416506,1
5.7043962,-33.125206,1
12.906583,22.864058,1
-8.697936,-11.971205,2
-14.903993,-1.4642171,1
-21.1021,-19.344303,3
-26.1321,16.746078,3
-19.219997,-17.256144,1
15.647997,6.1139627,1
18.268732,16.23151,3
23.510801,-14.052351,2
7.021705,-25.999317,1
5.068463,12.29853,3
-4.6401587,3.217476,3
2.2497144,-10.059397,3
-13.893536,21.85346,3
21.74403,-7.282304,0
2.013133,-9.868527,3
-13.976291,-1.856825,3
12.407394,27.131676,3
-4.5739145,-19.11153,3
-13.287085,-17.405128,2
9.891056,-20.907616,0
-15.92447,12.79917,2
-14.991583,3.5519645,1
7.971761,-36.515617,0
-16.048908,-23.665579,1
6.040555,-10.517185,1
-20.704927,-7.041069,0
23.33195,4.5260935,3
-25.327166,9.792072,3
5.3923645,-14.635173,2
-11.957836,-24.69511,2
2.521255,-32.596813,1
-35.661404,-7.236242,3
15.167881,-5.4793496,3
-16.909601,-5.3550334,0
27.44767,-14.747113,0
-4.688491,-12.14188,0
-26.733988,0.56477565,0
-33.397713,3.6621628,1
15.506385,-7.1109548,2
-30.93438,16.091814,3
-29.649761,-13.7323,2
-11.635207,4.5999584,1
29.218971,10.217187,3
-12.624314,-5.433316,1
-8.117851,16.787548,1
12.891863,-14.011355,2
13.480646,-13.868837,1
-6.908771,-21.500912,2
8.099928,-25.932322,2
22.491667,-15.100186,2
-24.044666,8.044449,1
-1.0606182,2.1865003,1
-0.46141464,-27.46983,3
-13.929958,-8.421534,0
11.945196,26.195957,3
11.365479,-8.409919,1
17.21088,4.8456798,2
-10.97394,28.542631,1
-19.682379,-17.740412,1
-0.023431942,7.9333806,1
-11.618109,-21.604507,3
-3.1976328,-16.777914,2
12.440676,24.677528,3
-2.344763,-12.939517,0
16.292229,16.732567,0
-15.523403,-1.3448873,0
-10.672344,-4.604566,3
3.3199613,-5.9024673,0
1.0049461,-25.85266,3
7.007895,-37.156883,2
16.134186,-20.075232,3
-15.009333,-31.875933,0
-6.75165,21.408318,3
-1.2943906,-20.92894,3
-29.477695,-4.354014,2
9.5804205,16.512774,3
8.409404,-9.917028,2
-29.308176,14.187076,0
12.010391,12.525873,1
-18.431221,9.294052,0
0.68052465,-4.780196,3
-16.436998,15.098872,0
-25.65832,-9.910815,2
15.59936,12.705265,1
7.2592797,12.327974,0
-2.02901,24.259394,3
6.7522526,-25.329271,2
9.61957,-4.8113074,2
6.965893,-30.140322,3
-10.526353,-22.29315,1
-6.3863406,-23.783623,2
13.38396,-26.965172,2
-8.064346,27.03342,1
-8.944204,-13.392158,1
-8.540187,9.749618,3
-16.724201,8.389178,3
-11.196887,-10.375899,2
-7.9529414,14.444529,0
-19.106386,6.9660287,2
8.306435,-30.089796,2
10.772945,-27.87401,1
-2.850114,-24.926748,1
8.562846,-24.527716,2
-24.433147,20.161507,3
-2.904664,12.415253,1
-14.5528555,16.925865,3
-2.1839676,-1.1842015,0
-17.360203,3.4367533,3
27.40083,2.3658412,1
-15.117766,-20.740602,2
-16.482456,-17.84521,3
17.89463,-10.007537,0
17.842627,-26.090965,3
10.180152,-9.008488,1
-15.399413,-10.478875,0
13.855891,12.747588,1
9.00713,14.201264,1
-4.3577595,18.614647,3
-13.400391,16.579573,0
-11.941652,24.615751,0
18.667309,-5.9982834,3
-29.075224,13.243384,1
7.973728,27.08734,2
19.671473,-26.289768,3
-8.45631,4.936082,3
-0.56065446,34.61774,2
-10.292256,-11.106622,2
-29.144615,-8.268782,3
-23.012766,-16.629356,1
19.488617,-13.94027,2
-16.417797,6.5320454,2
11.0492,14.0776205,1
11.517431,-4.3067446,2
23.53172,-11.331242,2
-25.740023,0.5772967,3
28.051254,10.013686,0
-5.1235433,18.438553,3
15.553843,-23.607822,0
-30.317085,15.933693,3
11.053854,-22.54411,3
7.1415267,8.757648,3
-10.8289,-28.465834,2
-12.244577,12.137823,0
13.754445,4.770496,1
-25.891771,-11.668504,1
23.013405,-7.0864844,0
-1.4744464,4.8839593,3
5.5507946,26.738104,3
-25.352718,-3.5242598,3
-9.465948,-18.908075,2
-8.208939,-5.2932014,1
12.859186,-34.44215,1
11.139519,-32.94483,0
-19.147972,-21.053383,0
15.407843,20.463285,0
-1.2711416,28.64157,3
3.6721215,17.198603,2
-16.54287,-26.645847,1
9.944205,15.639217,0
-8.564313,6.439578,3
-8.581692,23.76145,3
-6.078737,27.218664,3
-10.863017,16.182192,2
-18.100986,-9.785853,1
5.401758,1.138854,0
1.2527792,-25.794308,3
-23.620619,3.4148903,0
13.100079,11.4977665,3
-20.668333,1.1367675,2
3.251709,-6.043457,3
-16.560713,-24.333925,2
-22.4162,-16.575863,1
15.958376,-1.9736,3
-14.347434,-31.392452,3
17.88586,25.083601,1
35.575943,-0.21995054,1
-13.639687,-24.33785,2
6.009539,-35.466324,2
1.5951127,-24.930998,0
-23.917458,18.814697,3
-21.473158,11.628699,2
12.382766,-35.245647,1
0.111088224,23.858597,3
-0.66028273,-16.85724,1
10.721239,10.710357,3
10.972573,-7.525056,3
-14.914451,-18.063461,2
-12.4339485,-10.812448,0
25.885468,-17.207783,0
-23.958202,9.777949,1
-16.964495,1.8211632,0
-12.117549,21.135578,0
-0.3421069,-36.46412,0
11.70175,-7.6814833,3
-26.34875,6.5043035,3
-20.220348,4.4988647,2
15.642944,22.003359,0
-17.73217,-20.859268,2
5.7638474,-2.4100099,1
4.409688,9.244311,3
-8.169591,23.356087,3
-15.396075,-31.316063,0
-12.554389,-13.37163,3
-30.258457,1.4557419,0
28.88605,1.786356,1
-9.680724,19.37634,3
-0.29421964,13.767814,0
-19.640594,-5.011507,3
-9.22119,10.681682,3
-15.57058,19.652584,1
4.3842864,19.308262,3
-7.5915847,-8.986003,2
3.2754679,15.056657,3
4.0993624,-6.44584,3
2.8214514,-32.0185,0
-11.677724,-30.006327,0
30.035467,11.472583,1
-21.520515,8.330465,2
21.175093,8.158969,3
-0.52229506,-11.158842,1
21.078978,-17.88533,2
19.848146,-14.586871,0
14.075655,-18.32277,2
-0.7362026,-20.090132,2
13.3808155,-8.790781,3
20.451838,5.4903154,3
20.611616,-19.394592,2
-8.136831,-18.91152,3
26.415297,6.3930197,1
-4.951831,-20.13953,2
24.57445,-5.4031363,0
2.0505366,25.078203,3
19.757835,-25.445944,3
22.443153,-16.994215,0
-17.075132,-12.596128,2
-8.394635,-8.128428,3
5.449102,14.086031,0
25.494213,-0.8598767,1
30.283104,1.2525535,3
-8.730862,-19.43306,1
27.10836,-6.037876,3
-7.4792514,2.792089,2
-6.286074,5.759797,3
7.7293344,27.204987,1
1.5010787,-8.088587,3
20.118025,-7.426439,3
-13.129857,2.893524,0
8.720856,-19.943544,2
17.45673,28.196913,0
-17.84754,0.26600292,3
23.890865,13.988739,0
25.039425,-11.76048,2
15.4092865,12.086781,0
25.360134,-13.375482,2
-13.464264,-22.187199,2
25.992586,12.375339,3
14.584495,21.489803,1
8.587573,-27.510242,1
-20.884659,13.446906,3
-28.920307,2.2198899,3
-23.691471,-5.4472685,3
-8.937509,-2.587622,3
-26.410944,8.3367815,2
-18.96711,-16.766556,1
-33.806202,4.923536,3
27.302021,20.188522,0
22.482838,-6.432734,0
-25.598598,20.350317,3
19.828144,5.5919867,0
18.864626,-15.143459,3
9.920072,-33.3417,0
-0.39715597,10.37247,0
2.429007,-30.842976,1
-16.592543,7.41787,3
-22.158052,-5.0820246,3
12.181845,-31.505527,3
-16.196266,17.435966,3
5.2820396,-19.886387,2
12.084831,-27.07469,3
22.93196,-14.782906,0
-19.498165,25.426983,0
-17.608091,-7.939912,3
5.40976,-16.030233,0
30.114296,2.916611,3
-19.089474,12.010079,1
-17.739752,12.78896,1
6.904689,-15.376981,2
-31.340422,0.062492017,0
-25.589863,-19.761995,1
16.346718,-24.092327,3
17.90106,-14.206096,3
-6.001126,-31.154892,2
-2.0005064,5.45854,3
-10.714824,-17.358744,2
-23.986877,-13.170436,3
3.9741573,-32.153713,1
-4.4518595,4.8255115,2
0.8584054,-9.7237425,3
-24.961277,-14.898416,2
-4.916112,-7.084805,3
10.545737,-16.141672,3
-20.003092,-7.5458817,3
13.711782,1.2856255,2
-15.658059,26.866436,1
13.684135,-23.598106,2
-15.518588,6.737731,2
19.20655,-4.7093635,3
2.482968,-19.17894,1
-11.447883,-13.424328,0
-4.936073,28.63465,3
18.089739,16.1559,0
7.335536,-1.1957625,1
